{
    "mean": [
        5.14949149e+03,
        8.14494997e+03,
        2.18438019e+05,
        1.20794444e+02,
        1.60739295e+02,
        3.03514905e+01,
        2.70117886e+01,
        4.27909268e+01,
        5.42549587e+02,
        1.10306365e+02,
        3.86714513e+00,
        3.32230275e+02,
        4.46516852e+01,
        2.85666531e+02,
        1.03734837e+04,
        1.01586241e+04,
        -2.14859603e+02
    ],
    "std": [
        2.12282445e+04,
        2.38025833e+04,
        3.21737451e+05,
        8.01541923e+02,
        9.37927804e+02,
        2.87635196e+02,
        2.75791648e+02,
        3.26726118e+02,
        1.34338131e+04,
        3.32442022e+03,
        7.68461100e+01,
        7.06652780e+03,
        2.18372534e+02,
        1.36923297e+03,
        3.94901316e+05,
        3.66298043e+05,
        2.24271653e+05
    ]
}